index	block	species	chr	chr_beg	chr_end	orientation
113043	857	GCA_000012025	1	435327	436925	+
442297	1360	GCA_000012025	1	665044	666228	+
82821	487	GCA_000012025	1	912646	914078	-
108903	623	GCA_000012025	1	1541709	1542839	+
442362	1362	GCA_000012025	1	1606494	1607562	+
109317	678	GCA_000012025	1	1816699	1819494	+
109507	678	GCA_000020185	1	1273238	1276034	-
442382	1362	GCA_000020185	1	1541832	1542901	-
109093	623	GCA_000020185	1	1605595	1606724	-
84667	529	GCA_000020185	1	1970212	1973574	-
442328	1360	GCA_000020185	1	2392950	2394133	-
73903	436	GCA_000020185	1	2405140	2407906	-
113304	857	GCA_001027225	1	451023	452621	+
442339	1360	GCA_001027225	1	687436	688620	+
78528	462	GCA_001027225	1	880906	883058	+
109164	623	GCA_001027225	1	1569107	1570237	+
442390	1362	GCA_001027225	1	1633675	1634743	+
109578	678	GCA_001027225	1	1850254	1853049	+
